matchid,playername,total_runs,total_balls_faced,total_legal_balls_faced,run_6,run_4,fallofwickets,batsmen_innings,batsmen_battingteam,batsmen_bowlingteam,total_wickets,total_balls_bowled,total_legal_balls_bowled,total_runs_given,maiden_overs,bowlers_innings,bowler_battingteam,bowler_bowlingteam,economy_rate,playing_role,total_runs_points,run_6_points,run_4_points,run_bonus_points,total_bat_points,total_wickets_points,economy_rate_points,maiden_overs_points,wicket_bonus_points,total_bowl_points,total_points
1254088,A Samad,2.0,3.0,3.0,,,0.0,2nd innings,Sunrisers Hyderabad,Mumbai Indians,,,,,,,,,,Batsmen,2.0,,,0,2.0,,0,,0,,2.0
1254088,Abhishek Sharma,33.0,16.0,16.0,1.0,4.0,0.0,2nd innings,Sunrisers Hyderabad,Mumbai Indians,2.0,7.0,6.0,5.0,0.0,1st innings,Mumbai Indians,Sunrisers Hyderabad,5.0,Batsmen,33.0,2.0,4.0,0,39.0,50.0,4,0.0,0,54.0,93.0
1254088,HH Pandya,11.0,9.0,9.0,1.0,,0.0,1st innings,Mumbai Indians,Sunrisers Hyderabad,,,,,,,,,,Batsmen,11.0,2.0,,0,13.0,,0,,0,,13.0
1254088,Ishan Kishan,85.0,33.0,32.0,4.0,11.0,0.0,1st innings,Mumbai Indians,Sunrisers Hyderabad,,,,,,,,,,Batsmen,85.0,8.0,11.0,8,112.0,,0,,0,,112.0
1254088,JDS Neesham,0.0,1.0,1.0,,,5.0,1st innings,Mumbai Indians,Sunrisers Hyderabad,2.0,18.0,18.0,30.0,0.0,2nd innings,Sunrisers Hyderabad,Mumbai Indians,10.0,Bowler,0.0,,,-2,-2.0,50.0,-4,0.0,0,46.0,44.0
1254088,JJ Bumrah,5.0,2.0,2.0,,1.0,0.0,1st innings,Mumbai Indians,Sunrisers Hyderabad,2.0,27.0,24.0,39.0,0.0,2nd innings,Sunrisers Hyderabad,Mumbai Indians,9.75,Bowler,5.0,,1.0,0,6.0,50.0,-2,0.0,0,48.0,54.0
1254088,JO Holder,1.0,2.0,2.0,,,0.0,2nd innings,Sunrisers Hyderabad,Mumbai Indians,4.0,27.0,25.0,52.0,0.0,1st innings,Mumbai Indians,Sunrisers Hyderabad,12.48,Bowler,1.0,,,0,1.0,100.0,-6,0.0,8,102.0,103.0
1254088,Jason Roy,39.0,22.0,21.0,,6.0,0.0,2nd innings,Sunrisers Hyderabad,Mumbai Indians,,,,,,,,,,Batsmen,39.0,,6.0,0,45.0,,0,,0,,45.0
1254088,KA Pollard,19.0,14.0,14.0,,1.0,0.0,1st innings,Mumbai Indians,Sunrisers Hyderabad,,,,,,,,,,Bowler,19.0,,1.0,0,20.0,,0,,0,,20.0
1254088,KH Pandya,9.0,7.0,7.0,,1.0,0.0,1st innings,Mumbai Indians,Sunrisers Hyderabad,,7.0,6.0,16.0,0.0,2nd innings,Sunrisers Hyderabad,Mumbai Indians,16.0,Bowler,9.0,,1.0,0,10.0,,-6,0.0,0,-6.0,4.0
1254088,M Nabi,3.0,4.0,4.0,,,0.0,2nd innings,Sunrisers Hyderabad,Mumbai Indians,,18.0,18.0,33.0,0.0,1st innings,Mumbai Indians,Sunrisers Hyderabad,11.0,Bowler,3.0,,,0,3.0,,-6,0.0,0,-6.0,-3.0
1254088,MK Pandey,73.0,43.0,42.0,1.0,7.0,0.0,2nd innings,Sunrisers Hyderabad,Mumbai Indians,,,,,,,,,,Batsmen,73.0,2.0,7.0,8,90.0,,0,,0,,90.0
1254088,NM Coulter Nile,3.0,3.0,3.0,,,0.0,1st innings,Mumbai Indians,Sunrisers Hyderabad,2.0,24.0,24.0,40.0,0.0,2nd innings,Sunrisers Hyderabad,Mumbai Indians,10.0,Bowler,3.0,,,0,3.0,50.0,-4,0.0,0,46.0,49.0
1254088,P Garg,30.0,21.0,21.0,1.0,2.0,0.0,2nd innings,Sunrisers Hyderabad,Mumbai Indians,,,,,,,,,,Batsmen,30.0,2.0,2.0,0,34.0,,0,,0,,34.0
1254088,PP Chawla,0.0,2.0,2.0,,,0.0,1st innings,Mumbai Indians,Sunrisers Hyderabad,1.0,24.0,24.0,38.0,0.0,2nd innings,Sunrisers Hyderabad,Mumbai Indians,9.5,Bowler,0.0,,,-2,-2.0,25.0,-2,0.0,0,23.0,21.0
1254088,RG Sharma,18.0,13.0,13.0,,3.0,0.0,1st innings,Mumbai Indians,Sunrisers Hyderabad,,,,,,,,,,Batsmen,18.0,,3.0,0,21.0,,0,,0,,21.0
1254088,Rashid Khan,9.0,5.0,5.0,,2.0,0.0,2nd innings,Sunrisers Hyderabad,Mumbai Indians,2.0,24.0,24.0,41.0,0.0,1st innings,Mumbai Indians,Sunrisers Hyderabad,10.25,Bowler,9.0,,2.0,0,11.0,50.0,-4,0.0,0,46.0,57.0
1254088,S Kaul,1.0,3.0,3.0,,,0.0,2nd innings,Sunrisers Hyderabad,Mumbai Indians,,24.0,24.0,56.0,0.0,1st innings,Mumbai Indians,Sunrisers Hyderabad,14.0,Bowler,1.0,,,0,1.0,,-6,0.0,0,-6.0,-5.0
1254088,SA Yadav,85.0,41.0,41.0,3.0,13.0,0.0,1st innings,Mumbai Indians,Sunrisers Hyderabad,,,,,,,,,,Batsmen,85.0,6.0,13.0,8,112.0,,0,,0,,112.0
1254088,WP Saha,2.0,5.0,5.0,,,0.0,2nd innings,Sunrisers Hyderabad,Mumbai Indians,,,,,,,,,,Batsmen,2.0,,,0,2.0,,0,,0,,2.0
1254093,Chetan Sakariya,7.0,11.0,10.0,,1.0,0.0,1st innings,Rajasthan Royals,Mumbai Indians,1.0,20.0,18.0,36.0,1.0,2nd innings,Mumbai Indians,Rajasthan Royals,12.0,AllRounder,7.0,,1.0,0,8.0,25.0,-6,8.0,0,27.0,35.0
1254093,DA Miller,15.0,23.0,23.0,,,0.0,1st innings,Rajasthan Royals,Mumbai Indians,,,,,,,,,,Batsmen,15.0,,,0,15.0,,0,,0,,15.0
1254093,Evin Lewis,25.0,20.0,19.0,1.0,3.0,0.0,1st innings,Rajasthan Royals,Mumbai Indians,,,,,,,,,,Batsmen,25.0,2.0,3.0,0,30.0,,0,,0,,30.0
1254093,Glenn Phillips,4.0,13.0,13.0,,,0.0,1st innings,Rajasthan Royals,Mumbai Indians,,,,,,,,,,Batsmen,4.0,,,0,4.0,,0,,0,,4.0
1254093,HH Pandya,5.0,6.0,6.0,,,0.0,2nd innings,Mumbai Indians,Rajasthan Royals,,,,,,,,,,Batsmen,5.0,,,0,5.0,,0,,0,,5.0
1254093,Ishan Kishan,53.0,25.0,23.0,3.0,5.0,0.0,2nd innings,Mumbai Indians,Rajasthan Royals,,,,,,,,,,Batsmen,53.0,6.0,5.0,8,72.0,,0,,0,,72.0
1254093,Kuldip Yadav,0.0,4.0,4.0,,,0.0,1st innings,Rajasthan Royals,Mumbai Indians,,12.0,12.0,17.0,0.0,2nd innings,Mumbai Indians,Rajasthan Royals,8.5,Bowler,0.0,,,-2,-2.0,,0,0.0,0,0.0,-2.0
1254093,Mustafizur Rahman,8.0,7.0,7.0,1.0,,0.0,1st innings,Rajasthan Royals,Mumbai Indians,1.0,15.0,14.0,32.0,0.0,2nd innings,Mumbai Indians,Rajasthan Royals,13.714285714285714,Bowler,8.0,2.0,,0,10.0,25.0,-6,0.0,0,19.0,29.0
1254093,R Tewatia,12.0,20.0,20.0,,,0.0,1st innings,Rajasthan Royals,Mumbai Indians,,,,,,,,,,Batsmen,12.0,,,0,12.0,,0,,0,,12.0
1254093,RG Sharma,22.0,13.0,13.0,2.0,1.0,0.0,2nd innings,Mumbai Indians,Rajasthan Royals,,,,,,,,,,Batsmen,22.0,4.0,1.0,0,27.0,,0,,0,,27.0
1254093,S Dube,3.0,8.0,8.0,,,0.0,1st innings,Rajasthan Royals,Mumbai Indians,,,,,,,,,,AllRounder,3.0,,,0,3.0,,0,,0,,3.0
1254093,S Gopal,0.0,1.0,1.0,,,7.0,1st innings,Rajasthan Royals,Mumbai Indians,,6.0,6.0,9.0,0.0,2nd innings,Mumbai Indians,Rajasthan Royals,9.0,Bowler,0.0,,,-2,-2.0,,-2,0.0,0,-2.0,-4.0
1254093,SA Yadav,14.0,9.0,8.0,,3.0,0.0,2nd innings,Mumbai Indians,Rajasthan Royals,,,,,,,,,,Batsmen,14.0,,3.0,0,17.0,,0,,0,,17.0
1254093,SV Samson,4.0,7.0,7.0,,,0.0,1st innings,Rajasthan Royals,Mumbai Indians,,,,,,,,,,Batsmen,4.0,,,0,4.0,,0,,0,,4.0
1254093,Yashasvi Jaiswal,12.0,9.0,9.0,,3.0,0.0,1st innings,Rajasthan Royals,Mumbai Indians,,,,,,,,,,Batsmen,12.0,,3.0,0,15.0,,0,,0,,15.0
1254094,AS Raut,12.0,14.0,14.0,,1.0,0.0,1st innings,Chennai Super Kings,Punjab Kings,,,,,,,,,,Batsmen,12.0,,1.0,0,13.0,,0,,0,,13.0
1254094,AT Rayudu,4.0,5.0,5.0,,,0.0,1st innings,Chennai Super Kings,Punjab Kings,,,,,,,,,,Batsmen,4.0,,,0,4.0,,0,,0,,4.0
1254094,Aiden Markram,13.0,8.0,8.0,1.0,,0.0,2nd innings,Punjab Kings,Chennai Super Kings,,,,,,,,,,Batsmen,13.0,2.0,,0,15.0,,0,,0,,15.0
1254094,DJ Bravo,1.0,1.0,1.0,,,0.0,1st innings,Chennai Super Kings,Punjab Kings,,14.0,12.0,32.0,0.0,2nd innings,Punjab Kings,Chennai Super Kings,16.0,Bowler,1.0,,,0,1.0,,-6,0.0,0,-6.0,-5.0
1254094,F du Plessis,83.0,61.0,59.0,2.0,8.0,0.0,1st innings,Chennai Super Kings,Punjab Kings,,,,,,,,,,Batsmen,83.0,4.0,8.0,8,103.0,,0,,0,,103.0
1254094,KL Rahul,103.0,47.0,44.0,8.0,7.0,0.0,2nd innings,Punjab Kings,Chennai Super Kings,,,,,,,,,,Batsmen,103.0,16.0,7.0,24,150.0,,0,,0,,150.0
1254094,M Shahrukh Khan,8.0,10.0,10.0,1.0,,0.0,2nd innings,Punjab Kings,Chennai Super Kings,,,,,,,,,,Batsmen,8.0,2.0,,0,10.0,,0,,0,,10.0
1254094,MA Agarwal,12.0,12.0,12.0,,2.0,0.0,2nd innings,Punjab Kings,Chennai Super Kings,,,,,,,,,,Batsmen,12.0,,2.0,0,14.0,,0,,0,,14.0
1254094,MM Ali,0.0,6.0,6.0,,,0.0,1st innings,Chennai Super Kings,Punjab Kings,,,,,,,,,,AllRounder,0.0,,,-2,-2.0,,0,,0,,-2.0
1254094,MS Dhoni,12.0,15.0,15.0,,2.0,0.0,1st innings,Chennai Super Kings,Punjab Kings,,,,,,,,,,Batsmen,12.0,,2.0,0,14.0,,0,,0,,14.0
1254094,Moises Henriques,3.0,3.0,3.0,,,0.0,2nd innings,Punjab Kings,Chennai Super Kings,,7.0,6.0,9.0,0.0,1st innings,Chennai Super Kings,Punjab Kings,9.0,Bowler,3.0,,,0,3.0,,-2,0.0,0,-2.0,1.0
1254094,RA Jadeja,16.0,17.0,17.0,,1.0,0.0,1st innings,Chennai Super Kings,Punjab Kings,,6.0,6.0,9.0,0.0,2nd innings,Punjab Kings,Chennai Super Kings,9.0,Bowler,16.0,,1.0,0,17.0,,-2,0.0,0,-2.0,15.0
1254094,RV Uthappa,2.0,6.0,6.0,,,0.0,1st innings,Chennai Super Kings,Punjab Kings,,,,,,,,,,Batsmen,2.0,,,0,2.0,,0,,0,,2.0
1254094,SN Khan,0.0,3.0,3.0,,,0.0,2nd innings,Punjab Kings,Chennai Super Kings,,,,,,,,,,Batsmen,0.0,,,-2,-2.0,,0,,0,,-2.0
1254095,A Samad,1.0,3.0,3.0,,,0.0,1st innings,Sunrisers Hyderabad,Royal Challengers Bangalore,,,,,,,,,,Batsmen,1.0,,,0,1.0,,0,,0,,1.0
1254095,AB de Villiers,19.0,13.0,13.0,1.0,1.0,0.0,2nd innings,Royal Challengers Bangalore,Sunrisers Hyderabad,,,,,,,,,,Batsmen,19.0,2.0,1.0,0,22.0,,0,,0,,22.0
1254095,Abhishek Sharma,13.0,10.0,10.0,1.0,1.0,0.0,1st innings,Sunrisers Hyderabad,Royal Challengers Bangalore,,,,,,,,,,Batsmen,13.0,2.0,1.0,0,16.0,,0,,0,,16.0
1254095,Dan Christian,1.0,4.0,4.0,,,0.0,2nd innings,Royal Challengers Bangalore,Sunrisers Hyderabad,2.0,18.0,18.0,14.0,0.0,1st innings,Sunrisers Hyderabad,Royal Challengers Bangalore,4.666666666666667,Bowler,1.0,,,0,1.0,50.0,4,0.0,0,54.0,55.0
1254095,Devdutt Padikkal,42.0,53.0,52.0,,4.0,0.0,2nd innings,Royal Challengers Bangalore,Sunrisers Hyderabad,,,,,,,,,,Batsmen,42.0,,4.0,0,46.0,,0,,0,,46.0
1254095,GJ Maxwell,41.0,26.0,26.0,2.0,3.0,0.0,2nd innings,Royal Challengers Bangalore,Sunrisers Hyderabad,,,,,,,,,,AllRounder,41.0,4.0,3.0,0,48.0,,0,,0,,48.0
1254095,George Garton,2.0,3.0,3.0,,,0.0,2nd innings,Royal Challengers Bangalore,Sunrisers Hyderabad,1.0,14.0,12.0,29.0,0.0,1st innings,Sunrisers Hyderabad,Royal Challengers Bangalore,14.5,Bowler,2.0,,,0,2.0,25.0,-6,0.0,0,19.0,21.0
1254095,JO Holder,16.0,13.0,13.0,,2.0,0.0,1st innings,Sunrisers Hyderabad,Royal Challengers Bangalore,1.0,26.0,24.0,28.0,0.0,2nd innings,Royal Challengers Bangalore,Sunrisers Hyderabad,7.0,Bowler,16.0,,2.0,0,18.0,25.0,0,0.0,0,25.0,43.0
1254095,Jason Roy,45.0,39.0,39.0,,5.0,0.0,1st innings,Sunrisers Hyderabad,Royal Challengers Bangalore,,,,,,,,,,Batsmen,45.0,,5.0,0,50.0,,0,,0,,50.0
1254095,KS Williamson,33.0,31.0,31.0,,4.0,0.0,1st innings,Sunrisers Hyderabad,Royal Challengers Bangalore,,,,,,,,,,Batsmen,33.0,,4.0,0,37.0,,0,,0,,37.0
1254095,P Garg,15.0,11.0,11.0,1.0,,0.0,1st innings,Sunrisers Hyderabad,Royal Challengers Bangalore,,,,,,,,,,Batsmen,15.0,2.0,,0,17.0,,0,,0,,17.0
1254095,Rashid Khan,8.0,9.0,8.0,,1.0,0.0,1st innings,Sunrisers Hyderabad,Royal Challengers Bangalore,1.0,24.0,24.0,39.0,0.0,2nd innings,Royal Challengers Bangalore,Sunrisers Hyderabad,9.75,Bowler,8.0,,1.0,0,9.0,25.0,-2,0.0,0,23.0,32.0
1254095,S Ahmed,14.0,9.0,9.0,,2.0,0.0,2nd innings,Royal Challengers Bangalore,Sunrisers Hyderabad,,24.0,24.0,21.0,0.0,1st innings,Sunrisers Hyderabad,Royal Challengers Bangalore,5.25,AllRounder,14.0,,2.0,0,16.0,,2,0.0,0,2.0,18.0
1254095,Srikar Bharat,13.0,10.0,10.0,1.0,1.0,0.0,2nd innings,Royal Challengers Bangalore,Sunrisers Hyderabad,,,,,,,,,,Batsmen,13.0,2.0,1.0,0,16.0,,0,,0,,16.0
1254095,V Kohli,5.0,4.0,4.0,,1.0,0.0,2nd innings,Royal Challengers Bangalore,Sunrisers Hyderabad,,,,,,,,,,Batsmen,5.0,,1.0,0,6.0,,0,,0,,6.0
1254095,WP Saha,10.0,8.0,8.0,,1.0,0.0,1st innings,Sunrisers Hyderabad,Royal Challengers Bangalore,,,,,,,,,,Batsmen,10.0,,1.0,0,11.0,,0,,0,,11.0
1254101,AB de Villiers,26.0,26.0,26.0,1.0,2.0,0.0,2nd innings,Royal Challengers Bangalore,Delhi Capitals,,,,,,,,,,Batsmen,26.0,2.0,2.0,0,30.0,,0,,0,,30.0
1254101,Devdutt Padikkal,0.0,1.0,1.0,,,1.0,2nd innings,Royal Challengers Bangalore,Delhi Capitals,,,,,,,,,,Batsmen,0.0,,,-2,-2.0,,0,,0,,-2.0
1254101,GJ Maxwell,53.0,34.0,33.0,,8.0,0.0,2nd innings,Royal Challengers Bangalore,Delhi Capitals,,20.0,19.0,29.0,0.0,1st innings,Delhi Capitals,Royal Challengers Bangalore,9.157894736842104,AllRounder,53.0,,8.0,8,69.0,,-2,0.0,0,-2.0,67.0
1254101,PP Shaw,51.0,33.0,33.0,2.0,4.0,0.0,1st innings,Delhi Capitals,Royal Challengers Bangalore,,,,,,,,,,Batsmen,51.0,4.0,4.0,8,67.0,,0,,0,,67.0
1254101,RR Pant,10.0,8.0,8.0,,1.0,0.0,1st innings,Delhi Capitals,Royal Challengers Bangalore,,,,,,,,,,Batsmen,10.0,,1.0,0,11.0,,0,,0,,11.0
1254101,Ripal Patel,9.0,9.0,8.0,,1.0,0.0,1st innings,Delhi Capitals,Royal Challengers Bangalore,,20.0,18.0,22.0,0.0,2nd innings,Royal Challengers Bangalore,Delhi Capitals,7.333333333333333,AllRounder,9.0,,1.0,0,10.0,,0,0.0,0,0.0,10.0
1254101,S Dhawan,45.0,35.0,35.0,2.0,3.0,0.0,1st innings,Delhi Capitals,Royal Challengers Bangalore,,,,,,,,,,Batsmen,45.0,4.0,3.0,0,52.0,,0,,0,,52.0
1254101,SO Hetmyer,30.0,22.0,22.0,2.0,2.0,0.0,1st innings,Delhi Capitals,Royal Challengers Bangalore,,,,,,,,,,Batsmen,30.0,4.0,2.0,0,36.0,,0,,0,,36.0
1254101,SS Iyer,19.0,19.0,18.0,,1.0,0.0,1st innings,Delhi Capitals,Royal Challengers Bangalore,,,,,,,,,,Batsmen,19.0,,1.0,0,20.0,,0,,0,,20.0
1254101,Srikar Bharat,82.0,56.0,53.0,4.0,3.0,0.0,2nd innings,Royal Challengers Bangalore,Delhi Capitals,,,,,,,,,,Batsmen,82.0,8.0,3.0,8,101.0,,0,,0,,101.0
1254101,V Kohli,5.0,8.0,8.0,,,0.0,2nd innings,Royal Challengers Bangalore,Delhi Capitals,,,,,,,,,,Batsmen,5.0,,,0,5.0,,0,,0,,5.0
1254106,A Rawat,0.0,1.0,1.0,,,4.0,2nd innings,Rajasthan Royals,Kolkata Knight Riders,,,,,,,,,,Batsmen,0.0,,,-2,-2.0,,0,,0,,-2.0
1254106,CH Morris,0.0,2.0,2.0,,,0.0,2nd innings,Rajasthan Royals,Kolkata Knight Riders,1.0,27.0,24.0,34.0,0.0,1st innings,Kolkata Knight Riders,Rajasthan Royals,8.5,Bowler,0.0,,,-2,-2.0,25.0,0,0.0,0,25.0,23.0
1254106,Chetan Sakariya,2.0,5.0,5.0,,,0.0,2nd innings,Rajasthan Royals,Kolkata Knight Riders,1.0,24.0,24.0,24.0,0.0,1st innings,Kolkata Knight Riders,Rajasthan Royals,6.0,AllRounder,2.0,,,0,2.0,25.0,2,0.0,0,27.0,29.0
1254106,EJG Morgan,22.0,12.0,12.0,1.0,2.0,0.0,1st innings,Kolkata Knight Riders,Rajasthan Royals,,,,,,,,,,Batsmen,22.0,2.0,2.0,0,26.0,,0,,0,,26.0
1254106,Glenn Phillips,8.0,12.0,12.0,1.0,,0.0,2nd innings,Rajasthan Royals,Kolkata Knight Riders,1.0,7.0,6.0,17.0,0.0,1st innings,Kolkata Knight Riders,Rajasthan Royals,17.0,Batsmen,8.0,2.0,,0,10.0,25.0,-6,0.0,0,19.0,29.0
1254106,JD Unadkat,6.0,5.0,5.0,,1.0,0.0,2nd innings,Rajasthan Royals,Kolkata Knight Riders,,25.0,24.0,35.0,0.0,1st innings,Kolkata Knight Riders,Rajasthan Royals,8.75,Bowler,6.0,,1.0,0,7.0,,0,0.0,0,0.0,7.0
1254106,KD Karthik,14.0,11.0,11.0,1.0,,0.0,1st innings,Kolkata Knight Riders,Rajasthan Royals,,,,,,,,,,Batsmen,14.0,2.0,,0,16.0,,0,,0,,16.0
1254106,Liam Livingstone,6.0,6.0,6.0,,1.0,0.0,2nd innings,Rajasthan Royals,Kolkata Knight Riders,,,,,,,,,,Batsmen,6.0,,1.0,0,7.0,,0,,0,,7.0
1254106,Mustafizur Rahman,0.0,3.0,3.0,,,0.0,2nd innings,Rajasthan Royals,Kolkata Knight Riders,,25.0,24.0,32.0,0.0,1st innings,Kolkata Knight Riders,Rajasthan Royals,8.0,Bowler,0.0,,,-2,-2.0,,0,0.0,0,0.0,-2.0
1254106,N Rana,12.0,5.0,5.0,1.0,1.0,0.0,1st innings,Kolkata Knight Riders,Rajasthan Royals,,,,,,,,,,Batsmen,12.0,2.0,1.0,0,15.0,,0,,0,,15.0
1254106,R Tewatia,44.0,36.0,36.0,2.0,5.0,0.0,2nd innings,Rajasthan Royals,Kolkata Knight Riders,1.0,7.0,6.0,11.0,0.0,1st innings,Kolkata Knight Riders,Rajasthan Royals,11.0,Batsmen,44.0,4.0,5.0,0,53.0,25.0,-6,0.0,0,19.0,72.0
1254106,RA Tripathi,22.0,15.0,15.0,,3.0,0.0,1st innings,Kolkata Knight Riders,Rajasthan Royals,,,,,,,,,,Batsmen,22.0,,3.0,0,25.0,,0,,0,,25.0
1254106,S Dube,18.0,20.0,20.0,1.0,,0.0,2nd innings,Rajasthan Royals,Kolkata Knight Riders,,12.0,12.0,18.0,0.0,1st innings,Kolkata Knight Riders,Rajasthan Royals,9.0,AllRounder,18.0,2.0,,0,20.0,,-2,0.0,0,-2.0,18.0
1254106,SV Samson,1.0,4.0,4.0,,,0.0,2nd innings,Rajasthan Royals,Kolkata Knight Riders,,,,,,,,,,Batsmen,1.0,,,0,1.0,,0,,0,,1.0
1254106,Shubman Gill,60.0,47.0,44.0,2.0,4.0,0.0,1st innings,Kolkata Knight Riders,Rajasthan Royals,,,,,,,,,,Batsmen,60.0,4.0,4.0,8,76.0,,0,,0,,76.0
1254106,Venkatesh Iyer,41.0,37.0,36.0,2.0,3.0,0.0,1st innings,Kolkata Knight Riders,Rajasthan Royals,,,,,,,,,,Batsmen,41.0,4.0,3.0,0,48.0,,0,,0,,48.0
1254106,Yashasvi Jaiswal,0.0,3.0,3.0,,,0.0,2nd innings,Rajasthan Royals,Kolkata Knight Riders,,,,,,,,,,Batsmen,0.0,,,-2,-2.0,,0,,0,,-2.0
1254110,AR Patel,5.0,10.0,10.0,,,0.0,2nd innings,Delhi Capitals,Chennai Super Kings,2.0,24.0,24.0,18.0,0.0,1st innings,Chennai Super Kings,Delhi Capitals,4.5,Bowler,5.0,,,0,5.0,50.0,4,0.0,0,54.0,59.0
1254110,AS Raut,23.0,15.0,13.0,,3.0,0.0,1st innings,Chennai Super Kings,Delhi Capitals,,,,,,,,,,Batsmen,23.0,,3.0,0,26.0,,0,,0,,26.0
1254110,AT Rayudu,56.0,44.0,43.0,2.0,5.0,0.0,1st innings,Chennai Super Kings,Delhi Capitals,,,,,,,,,,Batsmen,56.0,4.0,5.0,8,73.0,,0,,0,,73.0
1254110,F du Plessis,11.0,9.0,8.0,,2.0,0.0,1st innings,Chennai Super Kings,Delhi Capitals,,,,,,,,,,Batsmen,11.0,,2.0,0,13.0,,0,,0,,13.0
1254110,K Rabada,4.0,1.0,1.0,,1.0,0.0,2nd innings,Delhi Capitals,Chennai Super Kings,,24.0,24.0,21.0,0.0,1st innings,Chennai Super Kings,Delhi Capitals,5.25,Bowler,4.0,,1.0,0,5.0,,2,0.0,0,2.0,7.0
1254110,MM Ali,7.0,10.0,8.0,,,0.0,1st innings,Chennai Super Kings,Delhi Capitals,,18.0,18.0,16.0,0.0,2nd innings,Delhi Capitals,Chennai Super Kings,5.333333333333333,AllRounder,7.0,,,0,7.0,,2,0.0,0,2.0,9.0
1254110,MS Dhoni,18.0,27.0,27.0,,,0.0,1st innings,Chennai Super Kings,Delhi Capitals,,,,,,,,,,Batsmen,18.0,,,0,18.0,,0,,0,,18.0
1254110,PP Shaw,20.0,14.0,13.0,,3.0,0.0,2nd innings,Delhi Capitals,Chennai Super Kings,,,,,,,,,,Batsmen,20.0,,3.0,0,23.0,,0,,0,,23.0
1254110,R Ashwin,2.0,3.0,3.0,,,0.0,2nd innings,Delhi Capitals,Chennai Super Kings,1.0,26.0,24.0,20.0,0.0,1st innings,Chennai Super Kings,Delhi Capitals,5.0,Bowler,2.0,,,0,2.0,25.0,4,0.0,0,29.0,31.0
1254110,RA Jadeja,2.0,2.0,2.0,,,0.0,1st innings,Chennai Super Kings,Delhi Capitals,2.0,25.0,24.0,29.0,0.0,2nd innings,Delhi Capitals,Chennai Super Kings,7.25,Bowler,2.0,,,0,2.0,50.0,0,0.0,0,50.0,52.0
1254110,RR Pant,16.0,13.0,12.0,1.0,1.0,0.0,2nd innings,Delhi Capitals,Chennai Super Kings,,,,,,,,,,Batsmen,16.0,2.0,1.0,0,19.0,,0,,0,,19.0
1254110,RV Uthappa,19.0,19.0,19.0,,1.0,0.0,1st innings,Chennai Super Kings,Delhi Capitals,,,,,,,,,,Batsmen,19.0,,1.0,0,20.0,,0,,0,,20.0
1254110,Ripal Patel,18.0,20.0,20.0,,2.0,0.0,2nd innings,Delhi Capitals,Chennai Super Kings,,,,,,,,,,AllRounder,18.0,,2.0,0,20.0,,0,,0,,20.0
1254110,S Dhawan,40.0,35.0,35.0,2.0,3.0,0.0,2nd innings,Delhi Capitals,Chennai Super Kings,,,,,,,,,,Batsmen,40.0,4.0,3.0,0,47.0,,0,,0,,47.0
1254110,SO Hetmyer,32.0,21.0,19.0,1.0,2.0,0.0,2nd innings,Delhi Capitals,Chennai Super Kings,,,,,,,,,,Batsmen,32.0,2.0,2.0,0,36.0,,0,,0,,36.0
1254110,SS Iyer,2.0,7.0,7.0,,,0.0,2nd innings,Delhi Capitals,Chennai Super Kings,,,,,,,,,,Batsmen,2.0,,,0,2.0,,0,,0,,2.0
1254114,AR Patel,10.0,11.0,11.0,,1.0,0.0,1st innings,Delhi Capitals,Chennai Super Kings,,18.0,18.0,23.0,0.0,2nd innings,Chennai Super Kings,Delhi Capitals,7.666666666666667,Bowler,10.0,,1.0,0,11.0,,0,0.0,0,0.0,11.0
1254114,AS Raut,70.0,50.0,50.0,2.0,5.0,0.0,2nd innings,Chennai Super Kings,Delhi Capitals,,,,,,,,,,Batsmen,70.0,4.0,5.0,8,87.0,,0,,0,,87.0
1254114,AT Rayudu,1.0,3.0,3.0,,,0.0,2nd innings,Chennai Super Kings,Delhi Capitals,,,,,,,,,,Batsmen,1.0,,,0,1.0,,0,,0,,1.0
1254114,F du Plessis,1.0,2.0,2.0,,,0.0,2nd innings,Chennai Super Kings,Delhi Capitals,,,,,,,,,,Batsmen,1.0,,,0,1.0,,0,,0,,1.0
1254114,MM Ali,16.0,12.0,12.0,,2.0,0.0,2nd innings,Chennai Super Kings,Delhi Capitals,1.0,25.0,24.0,27.0,0.0,1st innings,Delhi Capitals,Chennai Super Kings,6.75,AllRounder,16.0,,2.0,0,18.0,25.0,0,0.0,0,25.0,43.0
1254114,MS Dhoni,19.0,7.0,6.0,1.0,3.0,0.0,2nd innings,Chennai Super Kings,Delhi Capitals,,,,,,,,,,Batsmen,19.0,2.0,3.0,0,24.0,,0,,0,,24.0
1254114,PP Shaw,60.0,34.0,34.0,3.0,7.0,0.0,1st innings,Delhi Capitals,Chennai Super Kings,,,,,,,,,,Batsmen,60.0,6.0,7.0,8,81.0,,0,,0,,81.0
1254114,RR Pant,54.0,38.0,38.0,2.0,3.0,0.0,1st innings,Delhi Capitals,Chennai Super Kings,,,,,,,,,,Batsmen,54.0,4.0,3.0,8,69.0,,0,,0,,69.0
1254114,RV Uthappa,65.0,45.0,45.0,2.0,7.0,0.0,2nd innings,Chennai Super Kings,Delhi Capitals,,,,,,,,,,Batsmen,65.0,4.0,7.0,8,84.0,,0,,0,,84.0
1254114,S Dhawan,7.0,7.0,7.0,,1.0,0.0,1st innings,Delhi Capitals,Chennai Super Kings,,,,,,,,,,Batsmen,7.0,,1.0,0,8.0,,0,,0,,8.0
1254114,SN Thakur,1.0,2.0,2.0,,,0.0,2nd innings,Chennai Super Kings,Delhi Capitals,,20.0,19.0,36.0,0.0,1st innings,Delhi Capitals,Chennai Super Kings,11.368421052631579,Bowler,1.0,,,0,1.0,,-6,0.0,0,-6.0,-5.0
1254114,SO Hetmyer,40.0,27.0,27.0,1.0,3.0,0.0,1st innings,Delhi Capitals,Chennai Super Kings,,,,,,,,,,Batsmen,40.0,2.0,3.0,0,45.0,,0,,0,,45.0
1254114,SS Iyer,1.0,8.0,8.0,,,0.0,1st innings,Delhi Capitals,Chennai Super Kings,,,,,,,,,,Batsmen,1.0,,,0,1.0,,0,,0,,1.0
1254114,TK Curran,0.0,1.0,1.0,,,0.0,1st innings,Delhi Capitals,Chennai Super Kings,3.0,24.0,22.0,29.0,0.0,2nd innings,Chennai Super Kings,Delhi Capitals,7.909090909090909,Bowler,0.0,,,-2,-2.0,75.0,0,0.0,0,75.0,73.0
1254115,AB de Villiers,11.0,9.0,9.0,,1.0,0.0,1st innings,Royal Challengers Bangalore,Kolkata Knight Riders,,,,,,,,,,Batsmen,11.0,,1.0,0,12.0,,0,,0,,12.0
1254115,Dan Christian,10.0,8.0,8.0,,1.0,0.0,1st innings,Royal Challengers Bangalore,Kolkata Knight Riders,,12.0,10.0,29.0,0.0,2nd innings,Kolkata Knight Riders,Royal Challengers Bangalore,17.4,Bowler,10.0,,1.0,0,11.0,,-6,0.0,0,-6.0,5.0
1254115,Devdutt Padikkal,26.0,19.0,18.0,,3.0,0.0,1st innings,Royal Challengers Bangalore,Kolkata Knight Riders,,,,,,,,,,Batsmen,26.0,,3.0,0,29.0,,0,,0,,29.0
1254115,EJG Morgan,5.0,7.0,7.0,,,0.0,2nd innings,Kolkata Knight Riders,Royal Challengers Bangalore,,,,,,,,,,Batsmen,5.0,,,0,5.0,,0,,0,,5.0
1254115,GJ Maxwell,17.0,19.0,19.0,,1.0,0.0,1st innings,Royal Challengers Bangalore,Kolkata Knight Riders,,18.0,18.0,25.0,0.0,2nd innings,Kolkata Knight Riders,Royal Challengers Bangalore,8.333333333333334,AllRounder,17.0,,1.0,0,18.0,,0,0.0,0,0.0,18.0
1254115,HV Patel,10.0,7.0,6.0,,1.0,0.0,1st innings,Royal Challengers Bangalore,Kolkata Knight Riders,2.0,25.0,24.0,20.0,0.0,2nd innings,Kolkata Knight Riders,Royal Challengers Bangalore,5.0,Bowler,10.0,,1.0,0,11.0,50.0,4,0.0,0,54.0,65.0
1254115,KD Karthik,10.0,12.0,12.0,,1.0,0.0,2nd innings,Kolkata Knight Riders,Royal Challengers Bangalore,,,,,,,,,,Batsmen,10.0,,1.0,0,11.0,,0,,0,,11.0
1254115,N Rana,24.0,26.0,26.0,1.0,1.0,0.0,2nd innings,Kolkata Knight Riders,Royal Challengers Bangalore,,,,,,,,,,Batsmen,24.0,2.0,1.0,0,27.0,,0,,0,,27.0
1254115,RA Tripathi,6.0,5.0,5.0,,1.0,0.0,2nd innings,Kolkata Knight Riders,Royal Challengers Bangalore,,,,,,,,,,Batsmen,6.0,,1.0,0,7.0,,0,,0,,7.0
1254115,S Ahmed,14.0,15.0,15.0,,1.0,0.0,1st innings,Royal Challengers Bangalore,Kolkata Knight Riders,,,,,,,,,,AllRounder,14.0,,1.0,0,15.0,,0,,0,,15.0
1254115,SP Narine,30.0,17.0,15.0,3.0,,0.0,2nd innings,Kolkata Knight Riders,Royal Challengers Bangalore,4.0,25.0,24.0,21.0,0.0,1st innings,Royal Challengers Bangalore,Kolkata Knight Riders,5.25,Bowler,30.0,6.0,,0,36.0,100.0,2,0.0,8,110.0,146.0
1254115,Shakib Al Hasan,9.0,6.0,6.0,,1.0,0.0,2nd innings,Kolkata Knight Riders,Royal Challengers Bangalore,,24.0,24.0,24.0,0.0,1st innings,Royal Challengers Bangalore,Kolkata Knight Riders,6.0,Bowler,9.0,,1.0,0,10.0,,2,0.0,0,2.0,12.0
1254115,Shubman Gill,29.0,18.0,18.0,,4.0,0.0,2nd innings,Kolkata Knight Riders,Royal Challengers Bangalore,,,,,,,,,,Batsmen,29.0,,4.0,0,33.0,,0,,0,,33.0
1254115,Srikar Bharat,10.0,16.0,16.0,,,0.0,1st innings,Royal Challengers Bangalore,Kolkata Knight Riders,,,,,,,,,,Batsmen,10.0,,,0,10.0,,0,,0,,10.0
1254115,V Kohli,40.0,33.0,32.0,,4.0,0.0,1st innings,Royal Challengers Bangalore,Kolkata Knight Riders,,,,,,,,,,Batsmen,40.0,,4.0,0,44.0,,0,,0,,44.0
1254115,Venkatesh Iyer,26.0,30.0,30.0,1.0,,0.0,2nd innings,Kolkata Knight Riders,Royal Challengers Bangalore,,,,,,,,,,Batsmen,26.0,2.0,,0,28.0,,0,,0,,28.0
1254116,AR Patel,4.0,4.0,4.0,,,0.0,1st innings,Delhi Capitals,Kolkata Knight Riders,,25.0,24.0,32.0,0.0,2nd innings,Kolkata Knight Riders,Delhi Capitals,8.0,Bowler,4.0,,,0,4.0,,0,0.0,0,0.0,4.0
1254116,EJG Morgan,0.0,3.0,3.0,,,0.0,2nd innings,Kolkata Knight Riders,Delhi Capitals,,,,,,,,,,Batsmen,0.0,,,-2,-2.0,,0,,0,,-2.0
1254116,KD Karthik,0.0,3.0,3.0,,,0.0,2nd innings,Kolkata Knight Riders,Delhi Capitals,,,,,,,,,,Batsmen,0.0,,,-2,-2.0,,0,,0,,-2.0
1254116,MP Stoinis,19.0,24.0,23.0,,1.0,0.0,1st innings,Delhi Capitals,Kolkata Knight Riders,,,,,,,,,,Batsmen,19.0,,1.0,0,20.0,,0,,0,,20.0
1254116,N Rana,13.0,12.0,12.0,1.0,,0.0,2nd innings,Kolkata Knight Riders,Delhi Capitals,,,,,,,,,,Batsmen,13.0,2.0,,0,15.0,,0,,0,,15.0
1254116,PP Shaw,18.0,12.0,12.0,1.0,2.0,0.0,1st innings,Delhi Capitals,Kolkata Knight Riders,,,,,,,,,,Batsmen,18.0,2.0,2.0,0,22.0,,0,,0,,22.0
1254116,RA Tripathi,12.0,11.0,11.0,1.0,,0.0,2nd innings,Kolkata Knight Riders,Delhi Capitals,,,,,,,,,,Batsmen,12.0,2.0,,0,14.0,,0,,0,,14.0
1254116,RR Pant,6.0,6.0,6.0,,1.0,0.0,1st innings,Delhi Capitals,Kolkata Knight Riders,,,,,,,,,,Batsmen,6.0,,1.0,0,7.0,,0,,0,,7.0
1254116,S Dhawan,38.0,40.0,40.0,2.0,1.0,0.0,1st innings,Delhi Capitals,Kolkata Knight Riders,,,,,,,,,,Batsmen,38.0,4.0,1.0,0,43.0,,0,,0,,43.0
1254116,SO Hetmyer,19.0,10.0,9.0,2.0,,0.0,1st innings,Delhi Capitals,Kolkata Knight Riders,,,,,,,,,,Batsmen,19.0,4.0,,0,23.0,,0,,0,,23.0
1254116,SP Narine,0.0,1.0,1.0,,,7.0,2nd innings,Kolkata Knight Riders,Delhi Capitals,,25.0,25.0,28.0,0.0,1st innings,Delhi Capitals,Kolkata Knight Riders,6.72,Bowler,0.0,,,-2,-2.0,,0,0.0,0,0.0,-2.0
1254116,SS Iyer,31.0,28.0,28.0,1.0,1.0,0.0,1st innings,Delhi Capitals,Kolkata Knight Riders,,,,,,,,,,Batsmen,31.0,2.0,1.0,0,34.0,,0,,0,,34.0
1254116,Shakib Al Hasan,0.0,2.0,2.0,,,0.0,2nd innings,Kolkata Knight Riders,Delhi Capitals,,25.0,24.0,28.0,0.0,1st innings,Delhi Capitals,Kolkata Knight Riders,7.0,Bowler,0.0,,,-2,-2.0,,0,0.0,0,0.0,-2.0
1254116,Shubman Gill,48.0,48.0,48.0,1.0,1.0,0.0,2nd innings,Kolkata Knight Riders,Delhi Capitals,,,,,,,,,,Batsmen,48.0,2.0,1.0,0,51.0,,0,,0,,51.0
1254116,Venkatesh Iyer,63.0,44.0,41.0,3.0,4.0,0.0,2nd innings,Kolkata Knight Riders,Delhi Capitals,,,,,,,,,,Batsmen,63.0,6.0,4.0,8,81.0,,0,,0,,81.0
1254117,AS Raut,32.0,27.0,27.0,1.0,3.0,0.0,1st innings,Chennai Super Kings,Kolkata Knight Riders,,,,,,,,,,Batsmen,32.0,2.0,3.0,0,37.0,,0,,0,,37.0
1254117,EJG Morgan,4.0,8.0,8.0,,,0.0,2nd innings,Kolkata Knight Riders,Chennai Super Kings,,,,,,,,,,Batsmen,4.0,,,0,4.0,,0,,0,,4.0
1254117,F du Plessis,90.0,61.0,61.0,3.0,7.0,0.0,1st innings,Chennai Super Kings,Kolkata Knight Riders,,,,,,,,,,Batsmen,90.0,6.0,7.0,8,111.0,,0,,0,,111.0
1254117,KD Karthik,9.0,7.0,7.0,1.0,,0.0,2nd innings,Kolkata Knight Riders,Chennai Super Kings,,,,,,,,,,Batsmen,9.0,2.0,,0,11.0,,0,,0,,11.0
1254117,LH Ferguson,21.0,13.0,10.0,1.0,,0.0,2nd innings,Kolkata Knight Riders,Chennai Super Kings,,26.0,24.0,56.0,0.0,1st innings,Chennai Super Kings,Kolkata Knight Riders,14.0,Bowler,21.0,2.0,,0,23.0,,-6,0.0,0,-6.0,17.0
1254117,MM Ali,38.0,20.0,20.0,3.0,2.0,0.0,1st innings,Chennai Super Kings,Kolkata Knight Riders,,,,,,,,,,AllRounder,38.0,6.0,2.0,0,46.0,,0,,0,,46.0
1254117,N Rana,0.0,1.0,1.0,,,2.0,2nd innings,Kolkata Knight Riders,Chennai Super Kings,,,,,,,,,,Batsmen,0.0,,,-2,-2.0,,0,,0,,-2.0
1254117,RA Tripathi,2.0,3.0,3.0,,,0.0,2nd innings,Kolkata Knight Riders,Chennai Super Kings,,,,,,,,,,Batsmen,2.0,,,0,2.0,,0,,0,,2.0
1254117,RV Uthappa,32.0,16.0,16.0,3.0,,0.0,1st innings,Chennai Super Kings,Kolkata Knight Riders,,,,,,,,,,Batsmen,32.0,6.0,,0,38.0,,0,,0,,38.0
1254117,SP Narine,3.0,3.0,2.0,,,0.0,2nd innings,Kolkata Knight Riders,Chennai Super Kings,2.0,25.0,24.0,26.0,0.0,1st innings,Chennai Super Kings,Kolkata Knight Riders,6.5,Bowler,3.0,,,0,3.0,50.0,0,0.0,0,50.0,53.0
1254117,Shakib Al Hasan,1.0,2.0,2.0,,,0.0,2nd innings,Kolkata Knight Riders,Chennai Super Kings,,18.0,18.0,34.0,0.0,1st innings,Chennai Super Kings,Kolkata Knight Riders,11.333333333333334,Bowler,1.0,,,0,1.0,,-6,0.0,0,-6.0,-5.0
1254117,Shivam Mavi,21.0,14.0,13.0,2.0,1.0,0.0,2nd innings,Kolkata Knight Riders,Chennai Super Kings,1.0,24.0,24.0,32.0,0.0,1st innings,Chennai Super Kings,Kolkata Knight Riders,8.0,Bowler,21.0,4.0,1.0,0,26.0,25.0,0,0.0,0,25.0,51.0
1254117,Shubman Gill,54.0,46.0,46.0,,6.0,0.0,2nd innings,Kolkata Knight Riders,Chennai Super Kings,,,,,,,,,,Batsmen,54.0,,6.0,8,68.0,,0,,0,,68.0
1254117,Venkatesh Iyer,50.0,32.0,32.0,3.0,5.0,0.0,2nd innings,Kolkata Knight Riders,Chennai Super Kings,,6.0,6.0,6.0,0.0,1st innings,Chennai Super Kings,Kolkata Knight Riders,6.0,Batsmen,50.0,6.0,5.0,8,69.0,,2,0.0,0,2.0,71.0
1254088,TA Boult,,,,,,,,,,1.0,24.0,24.0,30.0,0.0,2nd innings,Sunrisers Hyderabad,Mumbai Indians,7.5,Bowler,,,,0,,25.0,0,0.0,0,25.0,25.0
1254088,Umran Malik,,,,,,,,,,1.0,25.0,25.0,48.0,0.0,1st innings,Mumbai Indians,Sunrisers Hyderabad,11.52,Bowler,,,,0,,25.0,-6,0.0,0,19.0,19.0
1254093,AS Yadav,,,,,,,,,,,12.0,12.0,17.0,0.0,1st innings,Rajasthan Royals,Mumbai Indians,8.5,Bowler,,,,0,,,0,0.0,0,0.0,0.0
1254093,JDS Neesham,,,,,,,,,,3.0,24.0,24.0,12.0,0.0,1st innings,Rajasthan Royals,Mumbai Indians,3.0,Bowler,,,,0,,75.0,6,0.0,0,81.0,81.0
1254093,JJ Bumrah,,,,,,,,,,2.0,25.0,24.0,14.0,0.0,1st innings,Rajasthan Royals,Mumbai Indians,3.5,Bowler,,,,0,,50.0,6,0.0,0,56.0,56.0
1254093,KA Pollard,,,,,,,,,,,12.0,12.0,9.0,0.0,1st innings,Rajasthan Royals,Mumbai Indians,4.5,Bowler,,,,0,,,4,0.0,0,4.0,4.0
1254093,NM Coulter Nile,,,,,,,,,,4.0,24.0,24.0,14.0,0.0,1st innings,Rajasthan Royals,Mumbai Indians,3.5,Bowler,,,,0,,100.0,6,0.0,8,114.0,114.0
1254093,TA Boult,,,,,,,,,,,26.0,25.0,24.0,0.0,1st innings,Rajasthan Royals,Mumbai Indians,5.76,Bowler,,,,0,,,2,0.0,0,2.0,2.0
1254094,Arshdeep Singh,,,,,,,,,,2.0,25.0,24.0,36.0,0.0,1st innings,Chennai Super Kings,Punjab Kings,9.0,Bowler,,,,0,,50.0,-2,0.0,0,48.0,48.0
1254094,CJ Jordan,,,,,,,,,,2.0,19.0,18.0,20.0,0.0,1st innings,Chennai Super Kings,Punjab Kings,6.666666666666667,Bowler,,,,0,,50.0,0,0.0,0,50.0,50.0
1254094,DL Chahar,,,,,,,,,,1.0,27.0,24.0,48.0,0.0,2nd innings,Punjab Kings,Chennai Super Kings,12.0,Bowler,,,,0,,25.0,-6,0.0,0,19.0,19.0
1254094,H Brar,,,,,,,,,,,26.0,24.0,22.0,0.0,1st innings,Chennai Super Kings,Punjab Kings,5.5,Bowler,,,,0,,,2,0.0,0,2.0,2.0
1254094,Josh Hazlewood,,,,,,,,,,,18.0,18.0,22.0,0.0,2nd innings,Punjab Kings,Chennai Super Kings,7.333333333333333,Bowler,,,,0,,,0,0.0,0,0.0,0.0
1254094,Mohammed Shami,,,,,,,,,,1.0,23.0,22.0,18.0,0.0,1st innings,Chennai Super Kings,Punjab Kings,4.909090909090909,Bowler,,,,0,,25.0,4,0.0,0,29.0,29.0
1254094,R Bishnoi,,,,,,,,,,1.0,25.0,24.0,25.0,0.0,1st innings,Chennai Super Kings,Punjab Kings,6.25,Bowler,,,,0,,25.0,0,0.0,0,25.0,25.0
1254094,SN Thakur,,,,,,,,,,3.0,18.0,18.0,28.0,0.0,2nd innings,Punjab Kings,Chennai Super Kings,9.333333333333334,Bowler,,,,0,,75.0,-2,0.0,0,73.0,73.0
1254095,HV Patel,,,,,,,,,,3.0,25.0,24.0,33.0,0.0,1st innings,Sunrisers Hyderabad,Royal Challengers Bangalore,8.25,Bowler,,,,0,,75.0,0,0.0,0,75.0,75.0
1254095,M Siraj,,,,,,,,,,,19.0,19.0,17.0,0.0,1st innings,Sunrisers Hyderabad,Royal Challengers Bangalore,5.368421052631579,Bowler,,,,0,,,2,0.0,0,2.0,2.0
1254095,P Kumar,,,,,,,,,,1.0,24.0,24.0,25.0,0.0,2nd innings,Royal Challengers Bangalore,Sunrisers Hyderabad,6.25,Bowler,,,,0,,25.0,0,0.0,0,25.0,25.0
1254095,S Kaul,,,,,,,,,,1.0,24.0,24.0,24.0,1.0,2nd innings,Royal Challengers Bangalore,Sunrisers Hyderabad,6.0,Bowler,,,,0,,25.0,2,8.0,0,35.0,35.0
1254095,Umran Malik,,,,,,,,,,1.0,24.0,24.0,21.0,0.0,2nd innings,Royal Challengers Bangalore,Sunrisers Hyderabad,5.25,Bowler,,,,0,,25.0,2,0.0,0,27.0,27.0
1254095,YS Chahal,,,,,,,,,,1.0,24.0,24.0,27.0,0.0,1st innings,Sunrisers Hyderabad,Royal Challengers Bangalore,6.75,Bowler,,,,0,,25.0,0,0.0,0,25.0,25.0
1254101,A Nortje,,,,,,,,,,2.0,25.0,24.0,25.0,0.0,2nd innings,Royal Challengers Bangalore,Delhi Capitals,6.25,Bowler,,,,0,,50.0,0,0.0,0,50.0,50.0
1254101,AR Patel,,,,,,,,,,1.0,24.0,24.0,39.0,0.0,2nd innings,Royal Challengers Bangalore,Delhi Capitals,9.75,Bowler,,,,0,,25.0,-2,0.0,0,23.0,23.0
1254101,Avesh Khan,,,,,,,,,,,26.0,24.0,32.0,0.0,2nd innings,Royal Challengers Bangalore,Delhi Capitals,8.0,Bowler,,,,0,,,0,0.0,0,0.0,0.0
1254101,Dan Christian,,,,,,,,,,1.0,12.0,12.0,19.0,0.0,1st innings,Delhi Capitals,Royal Challengers Bangalore,9.5,Bowler,,,,0,,25.0,-2,0.0,0,23.0,23.0
1254101,George Garton,,,,,,,,,,,19.0,18.0,21.0,0.0,1st innings,Delhi Capitals,Royal Challengers Bangalore,7.0,Bowler,,,,0,,,0,0.0,0,0.0,0.0
1254101,HV Patel,,,,,,,,,,1.0,27.0,24.0,34.0,0.0,1st innings,Delhi Capitals,Royal Challengers Bangalore,8.5,Bowler,,,,0,,25.0,0,0.0,0,25.0,25.0
1254101,K Rabada,,,,,,,,,,,24.0,24.0,37.0,0.0,2nd innings,Royal Challengers Bangalore,Delhi Capitals,9.25,Bowler,,,,0,,,-2,0.0,0,-2.0,-2.0
1254101,M Siraj,,,,,,,,,,2.0,24.0,24.0,27.0,0.0,1st innings,Delhi Capitals,Royal Challengers Bangalore,6.75,Bowler,,,,0,,50.0,0,0.0,0,50.0,50.0
1254101,R Ashwin,,,,,,,,,,,6.0,6.0,11.0,0.0,2nd innings,Royal Challengers Bangalore,Delhi Capitals,11.0,Bowler,,,,0,,,-6,0.0,0,-6.0,-6.0
1254101,YS Chahal,,,,,,,,,,1.0,24.0,24.0,34.0,0.0,1st innings,Delhi Capitals,Royal Challengers Bangalore,8.5,Bowler,,,,0,,25.0,0,0.0,0,25.0,25.0
1254106,LH Ferguson,,,,,,,,,,3.0,24.0,24.0,18.0,0.0,2nd innings,Rajasthan Royals,Kolkata Knight Riders,4.5,Bowler,,,,0,,75.0,4,0.0,0,79.0,79.0
1254106,SP Narine,,,,,,,,,,,24.0,24.0,31.0,0.0,2nd innings,Rajasthan Royals,Kolkata Knight Riders,7.75,Bowler,,,,0,,,0,0.0,0,0.0,0.0
1254106,Shakib Al Hasan,,,,,,,,,,1.0,6.0,6.0,1.0,0.0,2nd innings,Rajasthan Royals,Kolkata Knight Riders,1.0,Bowler,,,,0,,25.0,6,0.0,0,31.0,31.0
1254106,Shivam Mavi,,,,,,,,,,4.0,19.0,19.0,21.0,1.0,2nd innings,Rajasthan Royals,Kolkata Knight Riders,6.631578947368421,Bowler,,,,0,,100.0,0,8.0,8,116.0,116.0
1254106,Varun Chakravarthy,,,,,,,,,,1.0,24.0,24.0,14.0,0.0,2nd innings,Rajasthan Royals,Kolkata Knight Riders,3.5,Bowler,,,,0,,25.0,6,0.0,0,31.0,31.0
1254110,A Nortje,,,,,,,,,,1.0,26.0,24.0,41.0,0.0,1st innings,Chennai Super Kings,Delhi Capitals,10.25,Bowler,,,,0,,25.0,-4,0.0,0,21.0,21.0
1254110,Avesh Khan,,,,,,,,,,1.0,26.0,24.0,36.0,0.0,1st innings,Chennai Super Kings,Delhi Capitals,9.0,Bowler,,,,0,,25.0,-2,0.0,0,23.0,23.0
1254110,DJ Bravo,,,,,,,,,,1.0,13.0,11.0,20.0,0.0,2nd innings,Delhi Capitals,Chennai Super Kings,10.909090909090908,Bowler,,,,0,,25.0,-4,0.0,0,21.0,21.0
1254110,DL Chahar,,,,,,,,,,1.0,20.0,19.0,34.0,0.0,2nd innings,Delhi Capitals,Chennai Super Kings,10.736842105263158,Bowler,,,,0,,25.0,-4,0.0,0,21.0,21.0
1254110,Josh Hazlewood,,,,,,,,,,1.0,24.0,24.0,27.0,0.0,2nd innings,Delhi Capitals,Chennai Super Kings,6.75,Bowler,,,,0,,25.0,0,0.0,0,25.0,25.0
1254110,SN Thakur,,,,,,,,,,2.0,24.0,24.0,13.0,0.0,2nd innings,Delhi Capitals,Chennai Super Kings,3.25,Bowler,,,,0,,50.0,6,0.0,0,56.0,56.0
1254114,A Nortje,,,,,,,,,,1.0,24.0,24.0,31.0,0.0,2nd innings,Chennai Super Kings,Delhi Capitals,7.75,Bowler,,,,0,,25.0,0,0.0,0,25.0,25.0
1254114,Avesh Khan,,,,,,,,,,1.0,25.0,25.0,48.0,0.0,2nd innings,Chennai Super Kings,Delhi Capitals,11.52,Bowler,,,,0,,25.0,-6,0.0,0,19.0,19.0
1254114,DJ Bravo,,,,,,,,,,1.0,20.0,19.0,31.0,0.0,1st innings,Delhi Capitals,Chennai Super Kings,9.789473684210526,Bowler,,,,0,,25.0,-2,0.0,0,23.0,23.0
1254114,DL Chahar,,,,,,,,,,,19.0,18.0,26.0,0.0,1st innings,Delhi Capitals,Chennai Super Kings,8.666666666666666,Bowler,,,,0,,,0,0.0,0,0.0,0.0
1254114,Josh Hazlewood,,,,,,,,,,2.0,24.0,24.0,29.0,0.0,1st innings,Delhi Capitals,Chennai Super Kings,7.25,Bowler,,,,0,,50.0,0,0.0,0,50.0,50.0
1254114,K Rabada,,,,,,,,,,,18.0,18.0,23.0,0.0,2nd innings,Chennai Super Kings,Delhi Capitals,7.666666666666667,Bowler,,,,0,,,0,0.0,0,0.0,0.0
1254114,R Ashwin,,,,,,,,,,,12.0,12.0,19.0,0.0,2nd innings,Chennai Super Kings,Delhi Capitals,9.5,Bowler,,,,0,,,-2,0.0,0,-2.0,-2.0
1254114,RA Jadeja,,,,,,,,,,1.0,18.0,18.0,23.0,0.0,1st innings,Delhi Capitals,Chennai Super Kings,7.666666666666667,Bowler,,,,0,,25.0,0,0.0,0,25.0,25.0
1254115,George Garton,,,,,,,,,,,18.0,18.0,29.0,0.0,2nd innings,Kolkata Knight Riders,Royal Challengers Bangalore,9.666666666666666,Bowler,,,,0,,,-2,0.0,0,-2.0,-2.0
1254115,LH Ferguson,,,,,,,,,,2.0,25.0,25.0,31.0,0.0,1st innings,Royal Challengers Bangalore,Kolkata Knight Riders,7.44,Bowler,,,,0,,50.0,0,0.0,0,50.0,50.0
1254115,M Siraj,,,,,,,,,,2.0,24.0,24.0,19.0,0.0,2nd innings,Kolkata Knight Riders,Royal Challengers Bangalore,4.75,Bowler,,,,0,,50.0,4,0.0,0,54.0,54.0
1254115,Shivam Mavi,,,,,,,,,,,28.0,24.0,41.0,0.0,1st innings,Royal Challengers Bangalore,Kolkata Knight Riders,10.25,Bowler,,,,0,,,-4,0.0,0,-4.0,-4.0
1254115,Varun Chakravarthy,,,,,,,,,,,24.0,24.0,21.0,0.0,1st innings,Royal Challengers Bangalore,Kolkata Knight Riders,5.25,Bowler,,,,0,,,2,0.0,0,2.0,2.0
1254115,YS Chahal,,,,,,,,,,2.0,24.0,24.0,17.0,0.0,2nd innings,Kolkata Knight Riders,Royal Challengers Bangalore,4.25,Bowler,,,,0,,50.0,4,0.0,0,54.0,54.0
1254116,A Nortje,,,,,,,,,,2.0,25.0,24.0,31.0,0.0,2nd innings,Kolkata Knight Riders,Delhi Capitals,7.75,Bowler,,,,0,,50.0,0,0.0,0,50.0,50.0
1254116,Avesh Khan,,,,,,,,,,1.0,24.0,24.0,22.0,0.0,2nd innings,Kolkata Knight Riders,Delhi Capitals,5.5,Bowler,,,,0,,25.0,2,0.0,0,27.0,27.0
1254116,K Rabada,,,,,,,,,,2.0,26.0,24.0,24.0,0.0,2nd innings,Kolkata Knight Riders,Delhi Capitals,6.0,Bowler,,,,0,,50.0,2,0.0,0,52.0,52.0
1254116,LH Ferguson,,,,,,,,,,1.0,24.0,24.0,26.0,0.0,1st innings,Delhi Capitals,Kolkata Knight Riders,6.5,Bowler,,,,0,,25.0,0,0.0,0,25.0,25.0
1254116,R Ashwin,,,,,,,,,,2.0,24.0,23.0,27.0,0.0,2nd innings,Kolkata Knight Riders,Delhi Capitals,7.043478260869565,Bowler,,,,0,,50.0,0,0.0,0,50.0,50.0
1254116,Shivam Mavi,,,,,,,,,,1.0,25.0,24.0,27.0,0.0,1st innings,Delhi Capitals,Kolkata Knight Riders,6.75,Bowler,,,,0,,25.0,0,0.0,0,25.0,25.0
1254116,Varun Chakravarthy,,,,,,,,,,2.0,25.0,24.0,26.0,0.0,1st innings,Delhi Capitals,Kolkata Knight Riders,6.5,Bowler,,,,0,,50.0,0,0.0,0,50.0,50.0
1254117,DJ Bravo,,,,,,,,,,1.0,24.0,24.0,29.0,0.0,2nd innings,Kolkata Knight Riders,Chennai Super Kings,7.25,Bowler,,,,0,,25.0,0,0.0,0,25.0,25.0
1254117,DL Chahar,,,,,,,,,,1.0,25.0,25.0,32.0,0.0,2nd innings,Kolkata Knight Riders,Chennai Super Kings,7.68,Bowler,,,,0,,25.0,0,0.0,0,25.0,25.0
1254117,Josh Hazlewood,,,,,,,,,,2.0,26.0,25.0,29.0,0.0,2nd innings,Kolkata Knight Riders,Chennai Super Kings,6.96,Bowler,,,,0,,50.0,0,0.0,0,50.0,50.0
1254117,RA Jadeja,,,,,,,,,,2.0,25.0,24.0,37.0,0.0,2nd innings,Kolkata Knight Riders,Chennai Super Kings,9.25,Bowler,,,,0,,50.0,-2,0.0,0,48.0,48.0
1254117,SN Thakur,,,,,,,,,,3.0,29.0,24.0,38.0,0.0,2nd innings,Kolkata Knight Riders,Chennai Super Kings,9.5,Bowler,,,,0,,75.0,-2,0.0,0,73.0,73.0
1254117,Varun Chakravarthy,,,,,,,,,,,25.0,24.0,38.0,0.0,1st innings,Chennai Super Kings,Kolkata Knight Riders,9.5,Bowler,,,,0,,,-2,0.0,0,-2.0,-2.0
